"Year";"Basin";"Indicator";"Description";"Criteria";"Obs";"Target";"Weight";"Response"
2000;"Baltic_Proper";"secchi_summer";"secchi depth summer average (Jun-Sep)";2;5.89008552633078;7.7;1;-1
2000;"Arkona_Basin";"secchi_summer";"secchi depth summer average (Jun-Sep)";2;7.81482075136818;7.2;1;-1
2000;"Bornholm_Basin";"secchi_summer";"secchi depth summer average (Jun-Sep)";2;6.69208186945251;6.84;1;-1
2000;"Danish_Straits";"secchi_summer";"secchi depth summer average (Jun-Sep)";2;7.06040730006689;8.03333333333333;1;-1
2000;"Gulf_of_Finland";"secchi_summer";"secchi depth summer average (Jun-Sep)";2;2.79962419634035;5.5;40;-1
2000;"Kattegat";"secchi_summer";"secchi depth summer average (Jun-Sep)";2;6.53212925742315;7.6;1;-1
2000;"Bothnian_Bay";"secchi_summer";"secchi depth summer average (Jun-Sep)";2;3.42863280215841;5.8;20;-1
2000;"Bothnian_Sea";"secchi_summer";"secchi depth summer average (Jun-Sep)";2;3.8604142578887;6.8;40;-1
2000;"Gulf_of_Riga";"secchi_summer";"secchi depth summer average (Jun-Sep)";2;3.1301805502005;5;30;-1
2001;"Baltic_Proper";"secchi_summer";"secchi depth summer average (Jun-Sep)";2;5.85409092151808;7.7;1;-1
2001;"Arkona_Basin";"secchi_summer";"secchi depth summer average (Jun-Sep)";2;8.02867624475017;7.2;1;-1
2001;"Bornholm_Basin";"secchi_summer";"secchi depth summer average (Jun-Sep)";2;6.97204458103396;6.84;1;-1
2001;"Danish_Straits";"secchi_summer";"secchi depth summer average (Jun-Sep)";2;7.64406500833493;8.03333333333333;1;-1
2001;"Gulf_of_Finland";"secchi_summer";"secchi depth summer average (Jun-Sep)";2;3.3741702654232;5.5;40;-1
2001;"Kattegat";"secchi_summer";"secchi depth summer average (Jun-Sep)";2;7.80976139041457;7.6;1;-1
2001;"Bothnian_Bay";"secchi_summer";"secchi depth summer average (Jun-Sep)";2;4.11822999379526;5.8;20;-1
2001;"Bothnian_Sea";"secchi_summer";"secchi depth summer average (Jun-Sep)";2;4.75277932844776;6.8;40;-1
2001;"Gulf_of_Riga";"secchi_summer";"secchi depth summer average (Jun-Sep)";2;3.80152638326418;5;30;-1
2002;"Baltic_Proper";"secchi_summer";"secchi depth summer average (Jun-Sep)";2;5.51181367023411;7.7;1;-1
2002;"Arkona_Basin";"secchi_summer";"secchi depth summer average (Jun-Sep)";2;7.13356918289227;7.2;1;-1
2002;"Bornholm_Basin";"secchi_summer";"secchi depth summer average (Jun-Sep)";2;6.83712457439427;6.84;1;-1
2002;"Danish_Straits";"secchi_summer";"secchi depth summer average (Jun-Sep)";2;6.56225693590201;8.03333333333333;1;-1
2002;"Gulf_of_Finland";"secchi_summer";"secchi depth summer average (Jun-Sep)";2;3.55356821204109;5.5;40;-1
2002;"Kattegat";"secchi_summer";"secchi depth summer average (Jun-Sep)";2;7.37602411833394;7.6;1;-1
2002;"Bothnian_Bay";"secchi_summer";"secchi depth summer average (Jun-Sep)";2;4.4762740012344;5.8;20;-1
2002;"Bothnian_Sea";"secchi_summer";"secchi depth summer average (Jun-Sep)";2;4.7074646342115;6.8;40;-1
2002;"Gulf_of_Riga";"secchi_summer";"secchi depth summer average (Jun-Sep)";2;3.29872151104371;5;30;-1
2003;"Baltic_Proper";"secchi_summer";"secchi depth summer average (Jun-Sep)";2;6.34987595123964;7.7;1;-1
2003;"Arkona_Basin";"secchi_summer";"secchi depth summer average (Jun-Sep)";2;8.20815754224628;7.2;1;-1
2003;"Bornholm_Basin";"secchi_summer";"secchi depth summer average (Jun-Sep)";2;7.39002770027327;6.84;1;-1
2003;"Danish_Straits";"secchi_summer";"secchi depth summer average (Jun-Sep)";2;7.94273830912714;8.03333333333333;1;-1
2003;"Gulf_of_Finland";"secchi_summer";"secchi depth summer average (Jun-Sep)";2;3.59556523507108;5.5;40;-1
2003;"Kattegat";"secchi_summer";"secchi depth summer average (Jun-Sep)";2;7.74910778947972;7.6;1;-1
2003;"Bothnian_Bay";"secchi_summer";"secchi depth summer average (Jun-Sep)";2;4.59863601450324;5.8;20;-1
2003;"Bothnian_Sea";"secchi_summer";"secchi depth summer average (Jun-Sep)";2;4.6639324035179;6.8;40;-1
2003;"Gulf_of_Riga";"secchi_summer";"secchi depth summer average (Jun-Sep)";2;3.23554345659458;5;30;-1
2004;"Baltic_Proper";"secchi_summer";"secchi depth summer average (Jun-Sep)";2;5.62042335608078;7.7;1;-1
2004;"Arkona_Basin";"secchi_summer";"secchi depth summer average (Jun-Sep)";2;7.54006164229282;7.2;1;-1
2004;"Bornholm_Basin";"secchi_summer";"secchi depth summer average (Jun-Sep)";2;6.78765832221264;6.84;1;-1
2004;"Danish_Straits";"secchi_summer";"secchi depth summer average (Jun-Sep)";2;6.24149106474946;8.03333333333333;1;-1
2004;"Gulf_of_Finland";"secchi_summer";"secchi depth summer average (Jun-Sep)";2;3.07611502117265;5.5;40;-1
2004;"Kattegat";"secchi_summer";"secchi depth summer average (Jun-Sep)";2;6.70037602202492;7.6;1;-1
2004;"Bothnian_Bay";"secchi_summer";"secchi depth summer average (Jun-Sep)";2;4.25547191708018;5.8;20;-1
2004;"Bothnian_Sea";"secchi_summer";"secchi depth summer average (Jun-Sep)";2;4.7634029909646;6.8;40;-1
2004;"Gulf_of_Riga";"secchi_summer";"secchi depth summer average (Jun-Sep)";2;2.62036214613094;5;30;-1
2005;"Baltic_Proper";"secchi_summer";"secchi depth summer average (Jun-Sep)";2;5.37460525253115;7.7;1;-1
2005;"Arkona_Basin";"secchi_summer";"secchi depth summer average (Jun-Sep)";2;8.1246318747979;7.2;1;-1
2005;"Bornholm_Basin";"secchi_summer";"secchi depth summer average (Jun-Sep)";2;6.5751217788527;6.84;1;-1
2005;"Danish_Straits";"secchi_summer";"secchi depth summer average (Jun-Sep)";2;7.44115252167987;8.03333333333333;1;-1
2005;"Gulf_of_Finland";"secchi_summer";"secchi depth summer average (Jun-Sep)";2;3.06096542343917;5.5;40;-1
2005;"Kattegat";"secchi_summer";"secchi depth summer average (Jun-Sep)";2;7.84220384330414;7.6;1;-1
2005;"Bothnian_Bay";"secchi_summer";"secchi depth summer average (Jun-Sep)";2;4.46506268786353;5.8;20;-1
2005;"Bothnian_Sea";"secchi_summer";"secchi depth summer average (Jun-Sep)";2;5.02595564904763;6.8;40;-1
2005;"Gulf_of_Riga";"secchi_summer";"secchi depth summer average (Jun-Sep)";2;2.71250904748865;5;30;-1
2006;"Baltic_Proper";"secchi_summer";"secchi depth summer average (Jun-Sep)";2;6.07206553194939;7.7;1;-1
2006;"Arkona_Basin";"secchi_summer";"secchi depth summer average (Jun-Sep)";2;6.56009956382856;7.2;1;-1
2006;"Bornholm_Basin";"secchi_summer";"secchi depth summer average (Jun-Sep)";2;6.36868688054207;6.84;1;-1
2006;"Danish_Straits";"secchi_summer";"secchi depth summer average (Jun-Sep)";2;6.0896849340319;8.03333333333333;1;-1
2006;"Gulf_of_Finland";"secchi_summer";"secchi depth summer average (Jun-Sep)";2;3.28418864257839;5.5;40;-1
2006;"Kattegat";"secchi_summer";"secchi depth summer average (Jun-Sep)";2;7.64870925674211;7.6;1;-1
2006;"Bothnian_Bay";"secchi_summer";"secchi depth summer average (Jun-Sep)";2;4.69494846147548;5.8;20;-1
2006;"Bothnian_Sea";"secchi_summer";"secchi depth summer average (Jun-Sep)";2;5.44937127038476;6.8;40;-1
2006;"Gulf_of_Riga";"secchi_summer";"secchi depth summer average (Jun-Sep)";2;3.0728882502855;5;30;-1
2007;"Baltic_Proper";"secchi_summer";"secchi depth summer average (Jun-Sep)";2;5.49774908476233;7.7;1;-1
2007;"Arkona_Basin";"secchi_summer";"secchi depth summer average (Jun-Sep)";2;6.34648899560799;7.2;1;-1
2007;"Bornholm_Basin";"secchi_summer";"secchi depth summer average (Jun-Sep)";2;6.2169842044424;6.84;1;-1
2007;"Gulf_of_Finland";"secchi_summer";"secchi depth summer average (Jun-Sep)";2;3.29232974420357;5.5;40;-1
2007;"Kattegat";"secchi_summer";"secchi depth summer average (Jun-Sep)";2;5.28324075993561;7.6;1;-1
2007;"Bothnian_Bay";"secchi_summer";"secchi depth summer average (Jun-Sep)";2;6.28698075663117;5.8;20;-1
2007;"Bothnian_Sea";"secchi_summer";"secchi depth summer average (Jun-Sep)";2;7.1673578093167;6.8;40;-1
2007;"Gulf_of_Riga";"secchi_summer";"secchi depth summer average (Jun-Sep)";2;2.8767751636764;5;30;-1
2008;"Baltic_Proper";"secchi_summer";"secchi depth summer average (Jun-Sep)";2;5.11373743899182;7.7;1;-1
2008;"Arkona_Basin";"secchi_summer";"secchi depth summer average (Jun-Sep)";2;5.3147810159231;7.2;1;-1
2008;"Bornholm_Basin";"secchi_summer";"secchi depth summer average (Jun-Sep)";2;6.25320438085745;6.84;1;-1
2008;"Danish_Straits";"secchi_summer";"secchi depth summer average (Jun-Sep)";2;5.45085911485542;8.03333333333333;1;-1
2008;"Gulf_of_Finland";"secchi_summer";"secchi depth summer average (Jun-Sep)";2;4.83789415229387;5.5;40;-1
2008;"Kattegat";"secchi_summer";"secchi depth summer average (Jun-Sep)";2;7.01558028372596;7.6;1;-1
2008;"Bothnian_Bay";"secchi_summer";"secchi depth summer average (Jun-Sep)";2;4.13673367815103;5.8;20;-1
2008;"Bothnian_Sea";"secchi_summer";"secchi depth summer average (Jun-Sep)";2;4.88282938234441;6.8;40;-1
2008;"Gulf_of_Riga";"secchi_summer";"secchi depth summer average (Jun-Sep)";2;3.76021253592461;5;30;-1
2009;"Baltic_Proper";"secchi_summer";"secchi depth summer average (Jun-Sep)";2;6.39980801497755;7.7;1;-1
2009;"Arkona_Basin";"secchi_summer";"secchi depth summer average (Jun-Sep)";2;8.08631236167723;7.2;1;-1
2009;"Bornholm_Basin";"secchi_summer";"secchi depth summer average (Jun-Sep)";2;8.6076075740409;6.84;1;-1
2009;"Gulf_of_Finland";"secchi_summer";"secchi depth summer average (Jun-Sep)";2;4.66770810991629;5.5;40;-1
2009;"Bothnian_Bay";"secchi_summer";"secchi depth summer average (Jun-Sep)";2;5.4282561340614;5.8;20;-1
2009;"Bothnian_Sea";"secchi_summer";"secchi depth summer average (Jun-Sep)";2;6.56770520477353;6.8;40;-1
2000;"Baltic_Proper";"chl_summer";"chl-a summer average (Jun-Sep)";2;2.96314869487107;1.6;1;1
2000;"Arkona_Basin";"chl_summer";"chl-a summer average (Jun-Sep)";2;1.6847943716875;1.8;1;1
2000;"Bornholm_Basin";"chl_summer";"chl-a summer average (Jun-Sep)";2;2.2816500389768;1.8;1;1
2000;"Danish_Straits";"chl_summer";"chl-a summer average (Jun-Sep)";2;2.58701105242388;1.63333333333333;1;1
2000;"Gulf_of_Finland";"chl_summer";"chl-a summer average (Jun-Sep)";2;4.74058766433425;2;60;1
2000;"Kattegat";"chl_summer";"chl-a summer average (Jun-Sep)";2;1.68581485097117;1.5;1;1
2000;"Bothnian_Bay";"chl_summer";"chl-a summer average (Jun-Sep)";2;1.77623360173308;2;80;1
2000;"Bothnian_Sea";"chl_summer";"chl-a summer average (Jun-Sep)";2;1.69215534596042;1.5;60;1
2000;"Gulf_of_Riga";"chl_summer";"chl-a summer average (Jun-Sep)";2;5.99132761903849;2.7;70;1
2001;"Baltic_Proper";"chl_summer";"chl-a summer average (Jun-Sep)";2;2.70554317257606;1.6;1;1
2001;"Arkona_Basin";"chl_summer";"chl-a summer average (Jun-Sep)";2;1.89243104180975;1.8;1;1
2001;"Bornholm_Basin";"chl_summer";"chl-a summer average (Jun-Sep)";2;2.19365471557663;1.8;1;1
2001;"Danish_Straits";"chl_summer";"chl-a summer average (Jun-Sep)";2;2.20635978650746;1.63333333333333;1;1
2001;"Gulf_of_Finland";"chl_summer";"chl-a summer average (Jun-Sep)";2;4.87752098276586;2;60;1
2001;"Kattegat";"chl_summer";"chl-a summer average (Jun-Sep)";2;1.45727808876704;1.5;1;1
2001;"Bothnian_Bay";"chl_summer";"chl-a summer average (Jun-Sep)";2;1.83814899093526;2;80;1
2001;"Bothnian_Sea";"chl_summer";"chl-a summer average (Jun-Sep)";2;1.58166539019711;1.5;60;1
2001;"Gulf_of_Riga";"chl_summer";"chl-a summer average (Jun-Sep)";2;2.96144709881498;2.7;70;1
2002;"Baltic_Proper";"chl_summer";"chl-a summer average (Jun-Sep)";2;2.87876889413781;1.6;1;1
2002;"Arkona_Basin";"chl_summer";"chl-a summer average (Jun-Sep)";2;2.17279056522316;1.8;1;1
2002;"Bornholm_Basin";"chl_summer";"chl-a summer average (Jun-Sep)";2;2.2192787799804;1.8;1;1
2002;"Danish_Straits";"chl_summer";"chl-a summer average (Jun-Sep)";2;2.30337653523739;1.63333333333333;1;1
2002;"Gulf_of_Finland";"chl_summer";"chl-a summer average (Jun-Sep)";2;5.79059185529409;2;60;1
2002;"Kattegat";"chl_summer";"chl-a summer average (Jun-Sep)";2;1.07580870147623;1.5;1;1
2002;"Bothnian_Bay";"chl_summer";"chl-a summer average (Jun-Sep)";2;3.35677610676969;2;80;1
2002;"Bothnian_Sea";"chl_summer";"chl-a summer average (Jun-Sep)";2;2.42951994240211;1.5;60;1
2002;"Gulf_of_Riga";"chl_summer";"chl-a summer average (Jun-Sep)";2;4.32974816896647;2.7;70;1
2003;"Baltic_Proper";"chl_summer";"chl-a summer average (Jun-Sep)";2;2.30515591432681;1.6;1;1
2003;"Arkona_Basin";"chl_summer";"chl-a summer average (Jun-Sep)";2;1.46558027084402;1.8;1;1
2003;"Bornholm_Basin";"chl_summer";"chl-a summer average (Jun-Sep)";2;2.01614177777129;1.8;1;1
2003;"Danish_Straits";"chl_summer";"chl-a summer average (Jun-Sep)";2;1.76066269565094;1.63333333333333;1;1
2003;"Gulf_of_Finland";"chl_summer";"chl-a summer average (Jun-Sep)";2;3.70103119088614;2;60;1
2003;"Kattegat";"chl_summer";"chl-a summer average (Jun-Sep)";2;1.02451269102009;1.5;1;1
2003;"Bothnian_Bay";"chl_summer";"chl-a summer average (Jun-Sep)";2;2.35845355434402;2;80;1
2003;"Bothnian_Sea";"chl_summer";"chl-a summer average (Jun-Sep)";2;2.36543857064564;1.5;60;1
2003;"Gulf_of_Riga";"chl_summer";"chl-a summer average (Jun-Sep)";2;3.72812055739143;2.7;70;1
2004;"Baltic_Proper";"chl_summer";"chl-a summer average (Jun-Sep)";2;2.80351898688809;1.6;1;1
2004;"Arkona_Basin";"chl_summer";"chl-a summer average (Jun-Sep)";2;2.16436022899481;1.8;1;1
2004;"Bornholm_Basin";"chl_summer";"chl-a summer average (Jun-Sep)";2;1.80702300682887;1.8;1;1
2004;"Danish_Straits";"chl_summer";"chl-a summer average (Jun-Sep)";2;2.51882239404833;1.63333333333333;1;1
2004;"Gulf_of_Finland";"chl_summer";"chl-a summer average (Jun-Sep)";2;5.46031383740993;2;60;1
2004;"Kattegat";"chl_summer";"chl-a summer average (Jun-Sep)";2;1.3534416637944;1.5;1;1
2004;"Bothnian_Bay";"chl_summer";"chl-a summer average (Jun-Sep)";2;1.99375835940443;2;80;1
2004;"Bothnian_Sea";"chl_summer";"chl-a summer average (Jun-Sep)";2;2.61565753603221;1.5;60;1
2004;"Gulf_of_Riga";"chl_summer";"chl-a summer average (Jun-Sep)";2;6.18703650651843;2.7;70;1
2005;"Baltic_Proper";"chl_summer";"chl-a summer average (Jun-Sep)";2;3.12491527279719;1.6;1;1
2005;"Arkona_Basin";"chl_summer";"chl-a summer average (Jun-Sep)";2;1.53635797848452;1.8;1;1
2005;"Bornholm_Basin";"chl_summer";"chl-a summer average (Jun-Sep)";2;2.25631214083841;1.8;1;1
2005;"Danish_Straits";"chl_summer";"chl-a summer average (Jun-Sep)";2;2.02397857442504;1.63333333333333;1;1
2005;"Gulf_of_Finland";"chl_summer";"chl-a summer average (Jun-Sep)";2;4.92612384960713;2;60;1
2005;"Kattegat";"chl_summer";"chl-a summer average (Jun-Sep)";2;1.2548483610315;1.5;1;1
2005;"Bothnian_Bay";"chl_summer";"chl-a summer average (Jun-Sep)";2;1.54029725617375;2;80;1
2005;"Bothnian_Sea";"chl_summer";"chl-a summer average (Jun-Sep)";2;2.81821396852434;1.5;60;1
2005;"Gulf_of_Riga";"chl_summer";"chl-a summer average (Jun-Sep)";2;7.0111393523112;2.7;70;1
2006;"Baltic_Proper";"chl_summer";"chl-a summer average (Jun-Sep)";2;2.12030225530261;1.6;1;1
2006;"Arkona_Basin";"chl_summer";"chl-a summer average (Jun-Sep)";2;1.79788682339851;1.8;1;1
2006;"Bornholm_Basin";"chl_summer";"chl-a summer average (Jun-Sep)";2;1.7420041046759;1.8;1;1
2006;"Danish_Straits";"chl_summer";"chl-a summer average (Jun-Sep)";2;2.55971173855749;1.63333333333333;1;1
2006;"Gulf_of_Finland";"chl_summer";"chl-a summer average (Jun-Sep)";2;5.07285390523013;2;60;1
2006;"Kattegat";"chl_summer";"chl-a summer average (Jun-Sep)";2;1.09761953720692;1.5;1;1
2006;"Bothnian_Bay";"chl_summer";"chl-a summer average (Jun-Sep)";2;2.11116191109792;2;80;1
2006;"Bothnian_Sea";"chl_summer";"chl-a summer average (Jun-Sep)";2;3.06794685658477;1.5;60;1
2006;"Gulf_of_Riga";"chl_summer";"chl-a summer average (Jun-Sep)";2;4.24779286257241;2.7;70;1
2007;"Baltic_Proper";"chl_summer";"chl-a summer average (Jun-Sep)";2;2.97164752869212;1.6;1;1
2007;"Arkona_Basin";"chl_summer";"chl-a summer average (Jun-Sep)";2;2.28211456727054;1.8;1;1
2007;"Bornholm_Basin";"chl_summer";"chl-a summer average (Jun-Sep)";2;2.42405911564207;1.8;1;1
2007;"Danish_Straits";"chl_summer";"chl-a summer average (Jun-Sep)";2;2.72798796303861;1.63333333333333;1;1
2007;"Gulf_of_Finland";"chl_summer";"chl-a summer average (Jun-Sep)";2;2.61680379072038;2;60;1
2007;"Kattegat";"chl_summer";"chl-a summer average (Jun-Sep)";2;1.97699708699524;1.5;1;1
2007;"Bothnian_Bay";"chl_summer";"chl-a summer average (Jun-Sep)";2;2.64128789305569;2;80;1
2007;"Bothnian_Sea";"chl_summer";"chl-a summer average (Jun-Sep)";2;2.15170226287855;1.5;60;1
2007;"Gulf_of_Riga";"chl_summer";"chl-a summer average (Jun-Sep)";2;4.56272411095946;2.7;70;1
2008;"Baltic_Proper";"chl_summer";"chl-a summer average (Jun-Sep)";2;3.69436844970798;1.6;1;1
2008;"Arkona_Basin";"chl_summer";"chl-a summer average (Jun-Sep)";2;2.41681969978141;1.8;1;1
2008;"Bornholm_Basin";"chl_summer";"chl-a summer average (Jun-Sep)";2;3.12417325354976;1.8;1;1
2008;"Danish_Straits";"chl_summer";"chl-a summer average (Jun-Sep)";2;2.6221359380896;1.63333333333333;1;1
2008;"Kattegat";"chl_summer";"chl-a summer average (Jun-Sep)";2;1.30474335701612;1.5;1;1
2009;"Baltic_Proper";"chl_summer";"chl-a summer average (Jun-Sep)";2;2.64178671970219;1.6;1;1
2009;"Arkona_Basin";"chl_summer";"chl-a summer average (Jun-Sep)";2;1.64380032188952;1.8;1;1
2009;"Bornholm_Basin";"chl_summer";"chl-a summer average (Jun-Sep)";2;2.56363783000935;1.8;1;1
2009;"Danish_Straits";"chl_summer";"chl-a summer average (Jun-Sep)";2;1.85305451118021;1.63333333333333;1;1
2009;"Gulf_of_Finland";"chl_summer";"chl-a summer average (Jun-Sep)";2;1.47371156217228;2;60;1
2009;"Kattegat";"chl_summer";"chl-a summer average (Jun-Sep)";2;0.934496678452719;1.5;1;1
2009;"Gulf_of_Riga";"chl_summer";"chl-a summer average (Jun-Sep)";2;1.25656834635591;2.7;70;1
2010;"Baltic_Proper";"chl_summer";"chl-a summer average (Jun-Sep)";2;3.20582068425946;1.6;1;1
2010;"Arkona_Basin";"chl_summer";"chl-a summer average (Jun-Sep)";2;1.88836395292841;1.8;1;1
2010;"Bornholm_Basin";"chl_summer";"chl-a summer average (Jun-Sep)";2;2.49040358949549;1.8;1;1
2010;"Danish_Straits";"chl_summer";"chl-a summer average (Jun-Sep)";2;2.1592548850066;1.63333333333333;1;1
2010;"Kattegat";"chl_summer";"chl-a summer average (Jun-Sep)";2;1.03818168955697;1.5;1;1
2011;"Baltic_Proper";"chl_summer";"chl-a summer average (Jun-Sep)";2;2.24546391734041;1.6;1;1
2011;"Arkona_Basin";"chl_summer";"chl-a summer average (Jun-Sep)";2;2.66012577842158;1.8;1;1
2011;"Bornholm_Basin";"chl_summer";"chl-a summer average (Jun-Sep)";2;2.40632618165734;1.8;1;1
2011;"Danish_Straits";"chl_summer";"chl-a summer average (Jun-Sep)";2;2.19890501368;1.63333333333333;1;1
2011;"Kattegat";"chl_summer";"chl-a summer average (Jun-Sep)";2;0.896340356483874;1.5;1;1
2012;"Arkona_Basin";"chl_summer";"chl-a summer average (Jun-Sep)";2;1.4088184546886;1.8;1;1
2012;"Bornholm_Basin";"chl_summer";"chl-a summer average (Jun-Sep)";2;1.67590038331165;1.8;1;1
2012;"Danish_Straits";"chl_summer";"chl-a summer average (Jun-Sep)";2;1.19123244106163;1.63333333333333;1;1
2012;"Kattegat";"chl_summer";"chl-a summer average (Jun-Sep)";2;0.557392681830413;1.5;1;1
2000;"Baltic_Proper";"O2debt";"Oxygen debt";3;9.81038178742802;8.66;1;1
2000;"Bornholm_Basin";"O2debt";"Oxygen debt";3;7.34243197426964;6.37;1;1
2000;"Gulf_of_Finland";"O2debt";"Oxygen debt";3;9.81038178742802;8.66;1;1
2001;"Baltic_Proper";"O2debt";"Oxygen debt";3;10.2911665104102;8.66;1;1
2001;"Bornholm_Basin";"O2debt";"Oxygen debt";3;7.22666759632923;6.37;1;1
2001;"Gulf_of_Finland";"O2debt";"Oxygen debt";3;10.2911665104102;8.66;1;1
2002;"Baltic_Proper";"O2debt";"Oxygen debt";3;10.4052075000903;8.66;1;1
2002;"Bornholm_Basin";"O2debt";"Oxygen debt";3;6.40727831153517;6.37;1;1
2002;"Gulf_of_Finland";"O2debt";"Oxygen debt";3;10.4052075000903;8.66;1;1
2003;"Baltic_Proper";"O2debt";"Oxygen debt";3;9.49588121937097;8.66;1;1
2003;"Bornholm_Basin";"O2debt";"Oxygen debt";3;5.73575700940937;6.37;1;1
2003;"Gulf_of_Finland";"O2debt";"Oxygen debt";3;9.49588121937097;8.66;1;1
2004;"Baltic_Proper";"O2debt";"Oxygen debt";3;9.35433312697225;8.66;1;1
2004;"Bornholm_Basin";"O2debt";"Oxygen debt";3;7.63923217566855;6.37;1;1
2004;"Gulf_of_Finland";"O2debt";"Oxygen debt";3;9.35433312697225;8.66;1;1
2005;"Baltic_Proper";"O2debt";"Oxygen debt";3;9.66222367704564;8.66;1;1
2005;"Bornholm_Basin";"O2debt";"Oxygen debt";3;8.08448156783866;6.37;1;1
2005;"Gulf_of_Finland";"O2debt";"Oxygen debt";3;9.66222367704564;8.66;1;1
2006;"Baltic_Proper";"O2debt";"Oxygen debt";3;9.77563186413805;8.66;1;1
2006;"Bornholm_Basin";"O2debt";"Oxygen debt";3;6.31547220423701;6.37;1;1
2006;"Gulf_of_Finland";"O2debt";"Oxygen debt";3;9.77563186413805;8.66;1;1
2007;"Baltic_Proper";"O2debt";"Oxygen debt";3;9.6486453760119;8.66;1;1
2007;"Bornholm_Basin";"O2debt";"Oxygen debt";3;7.57984569430746;6.37;1;1
2007;"Gulf_of_Finland";"O2debt";"Oxygen debt";3;9.6486453760119;8.66;1;1
2008;"Baltic_Proper";"O2debt";"Oxygen debt";3;9.79713008229744;8.66;1;1
2008;"Bornholm_Basin";"O2debt";"Oxygen debt";3;6.29934001162792;6.37;1;1
2008;"Gulf_of_Finland";"O2debt";"Oxygen debt";3;9.79713008229744;8.66;1;1
2009;"Baltic_Proper";"O2debt";"Oxygen debt";3;10.1863710702401;8.66;1;1
2009;"Bornholm_Basin";"O2debt";"Oxygen debt";3;7.38853047099668;6.37;1;1
2009;"Gulf_of_Finland";"O2debt";"Oxygen debt";3;10.1863710702401;8.66;1;1
2010;"Baltic_Proper";"O2debt";"Oxygen debt";3;10.3566546634778;8.66;1;1
2010;"Bornholm_Basin";"O2debt";"Oxygen debt";3;6.44511776909482;6.37;1;1
2010;"Gulf_of_Finland";"O2debt";"Oxygen debt";3;10.3566546634778;8.66;1;1
2011;"Baltic_Proper";"O2debt";"Oxygen debt";3;10.6629808738483;8.66;1;1
2011;"Bornholm_Basin";"O2debt";"Oxygen debt";3;7.50025222087978;6.37;1;1
2011;"Gulf_of_Finland";"O2debt";"Oxygen debt";3;10.6629808738483;8.66;1;1
2012;"Baltic_Proper";"O2debt";"Oxygen debt";3;11.1911022789465;8.66;1;1
2012;"Bornholm_Basin";"O2debt";"Oxygen debt";3;6.5292966323022;6.37;1;1
2012;"Gulf_of_Finland";"O2debt";"Oxygen debt";3;11.1911022789465;8.66;1;1
2000;"Baltic_Proper";"din_winter";"DIN winter average (Dec-Feb)";1;4.35308696978355;2.5;1;1
2000;"Arkona_Basin";"din_winter";"DIN winter average (Dec-Feb)";1;5.3295476196467;2.9;1;1
2000;"Bornholm_Basin";"din_winter";"DIN winter average (Dec-Feb)";1;4.61150045036723;2.5;1;1
2000;"Danish_Straits";"din_winter";"DIN winter average (Dec-Feb)";1;9.18650279820042;4.6;1;1
2000;"Gulf_of_Finland";"din_winter";"DIN winter average (Dec-Feb)";1;8.77070261826369;3.8;1;1
2000;"Kattegat";"din_winter";"DIN winter average (Dec-Feb)";1;7.39333663976861;5;1;1
2000;"Bothnian_Bay";"din_winter";"DIN winter average (Dec-Feb)";1;7.52326537348486;5.2;33;1
2000;"Bothnian_Sea";"din_winter";"DIN winter average (Dec-Feb)";1;3.93015575751947;2.8;1;1
2000;"Gulf_of_Riga";"din_winter";"DIN winter average (Dec-Feb)";1;9.56848615942653;5.2;1;1
2001;"Baltic_Proper";"din_winter";"DIN winter average (Dec-Feb)";1;3.86442291749557;2.5;1;1
2001;"Arkona_Basin";"din_winter";"DIN winter average (Dec-Feb)";1;3.94045644246486;2.9;1;1
2001;"Bornholm_Basin";"din_winter";"DIN winter average (Dec-Feb)";1;3.75258563662933;2.5;1;1
2001;"Danish_Straits";"din_winter";"DIN winter average (Dec-Feb)";1;6.55171155642505;4.6;1;1
2001;"Gulf_of_Finland";"din_winter";"DIN winter average (Dec-Feb)";1;10.5420484767574;3.8;1;1
2001;"Kattegat";"din_winter";"DIN winter average (Dec-Feb)";1;6.25243361858535;5;1;1
2001;"Bothnian_Bay";"din_winter";"DIN winter average (Dec-Feb)";1;7.68678475467428;5.2;33;1
2001;"Bothnian_Sea";"din_winter";"DIN winter average (Dec-Feb)";1;3.99529419812993;2.8;1;1
2001;"Gulf_of_Riga";"din_winter";"DIN winter average (Dec-Feb)";1;11.4560230401613;5.2;1;1
2002;"Baltic_Proper";"din_winter";"DIN winter average (Dec-Feb)";1;4.01678166125261;2.5;1;1
2002;"Arkona_Basin";"din_winter";"DIN winter average (Dec-Feb)";1;4.49724454153108;2.9;1;1
2002;"Bornholm_Basin";"din_winter";"DIN winter average (Dec-Feb)";1;3.5962795254245;2.5;1;1
2002;"Danish_Straits";"din_winter";"DIN winter average (Dec-Feb)";1;7.67202953702242;4.6;1;1
2002;"Gulf_of_Finland";"din_winter";"DIN winter average (Dec-Feb)";1;13.4632939712618;3.8;1;1
2002;"Kattegat";"din_winter";"DIN winter average (Dec-Feb)";1;6.50359352441769;5;1;1
2002;"Bothnian_Bay";"din_winter";"DIN winter average (Dec-Feb)";1;8.27436728782266;5.2;33;1
2002;"Bothnian_Sea";"din_winter";"DIN winter average (Dec-Feb)";1;4.30727972942475;2.8;1;1
2002;"Gulf_of_Riga";"din_winter";"DIN winter average (Dec-Feb)";1;13.6022801293268;5.2;1;1
2003;"Baltic_Proper";"din_winter";"DIN winter average (Dec-Feb)";1;3.84153708945256;2.5;1;1
2003;"Arkona_Basin";"din_winter";"DIN winter average (Dec-Feb)";1;5.00504843760935;2.9;1;1
2003;"Bornholm_Basin";"din_winter";"DIN winter average (Dec-Feb)";1;4.04831135657077;2.5;1;1
2003;"Danish_Straits";"din_winter";"DIN winter average (Dec-Feb)";1;7.35669799216469;4.6;1;1
2003;"Gulf_of_Finland";"din_winter";"DIN winter average (Dec-Feb)";1;12.3871622333397;3.8;1;1
2003;"Kattegat";"din_winter";"DIN winter average (Dec-Feb)";1;6.28931112420799;5;1;1
2003;"Bothnian_Bay";"din_winter";"DIN winter average (Dec-Feb)";1;7.55675484825232;5.2;33;1
2003;"Bothnian_Sea";"din_winter";"DIN winter average (Dec-Feb)";1;3.91628608496302;2.8;1;1
2003;"Gulf_of_Riga";"din_winter";"DIN winter average (Dec-Feb)";1;8.07634307277139;5.2;1;1
2004;"Baltic_Proper";"din_winter";"DIN winter average (Dec-Feb)";1;2.85055172747563;2.5;1;1
2004;"Arkona_Basin";"din_winter";"DIN winter average (Dec-Feb)";1;3.1255247057265;2.9;1;1
2004;"Bornholm_Basin";"din_winter";"DIN winter average (Dec-Feb)";1;2.51773493513804;2.5;1;1
2004;"Danish_Straits";"din_winter";"DIN winter average (Dec-Feb)";1;5.6938558052117;4.6;1;1
2004;"Gulf_of_Finland";"din_winter";"DIN winter average (Dec-Feb)";1;9.5209226522848;3.8;1;1
2004;"Kattegat";"din_winter";"DIN winter average (Dec-Feb)";1;4.81267994357891;5;1;1
2004;"Bothnian_Bay";"din_winter";"DIN winter average (Dec-Feb)";1;7.34783720193837;5.2;33;1
2004;"Bothnian_Sea";"din_winter";"DIN winter average (Dec-Feb)";1;3.13020809308842;2.8;1;1
2004;"Gulf_of_Riga";"din_winter";"DIN winter average (Dec-Feb)";1;6.23485497574829;5.2;1;1
2005;"Baltic_Proper";"din_winter";"DIN winter average (Dec-Feb)";1;3.32997974058639;2.5;1;1
2005;"Arkona_Basin";"din_winter";"DIN winter average (Dec-Feb)";1;2.98333642211522;2.9;1;1
2005;"Bornholm_Basin";"din_winter";"DIN winter average (Dec-Feb)";1;3.2070973924512;2.5;1;1
2005;"Danish_Straits";"din_winter";"DIN winter average (Dec-Feb)";1;5.39833899398249;4.6;1;1
2005;"Gulf_of_Finland";"din_winter";"DIN winter average (Dec-Feb)";1;8.16937603542697;3.8;1;1
2005;"Kattegat";"din_winter";"DIN winter average (Dec-Feb)";1;6.35781293692325;5;1;1
2005;"Bothnian_Bay";"din_winter";"DIN winter average (Dec-Feb)";1;6.59158556157458;5.2;33;1
2005;"Bothnian_Sea";"din_winter";"DIN winter average (Dec-Feb)";1;2.84603532496205;2.8;1;1
2005;"Gulf_of_Riga";"din_winter";"DIN winter average (Dec-Feb)";1;9.63396286190044;5.2;1;1
2006;"Baltic_Proper";"din_winter";"DIN winter average (Dec-Feb)";1;3.10987106927561;2.5;1;1
2006;"Arkona_Basin";"din_winter";"DIN winter average (Dec-Feb)";1;2.66663779038749;2.9;1;1
2006;"Bornholm_Basin";"din_winter";"DIN winter average (Dec-Feb)";1;3.05636380564419;2.5;1;1
2006;"Danish_Straits";"din_winter";"DIN winter average (Dec-Feb)";1;4.30768604342276;4.6;1;1
2006;"Gulf_of_Finland";"din_winter";"DIN winter average (Dec-Feb)";1;11.1318463425537;3.8;1;1
2006;"Kattegat";"din_winter";"DIN winter average (Dec-Feb)";1;3.3441307213437;5;1;1
2006;"Bothnian_Bay";"din_winter";"DIN winter average (Dec-Feb)";1;7.16621534671149;5.2;33;1
2006;"Bothnian_Sea";"din_winter";"DIN winter average (Dec-Feb)";1;2.84775775838426;2.8;1;1
2006;"Gulf_of_Riga";"din_winter";"DIN winter average (Dec-Feb)";1;8.1731268784168;5.2;1;1
2007;"Baltic_Proper";"din_winter";"DIN winter average (Dec-Feb)";1;3.14729017686578;2.5;1;1
2007;"Arkona_Basin";"din_winter";"DIN winter average (Dec-Feb)";1;3.94046129407361;2.9;1;1
2007;"Bornholm_Basin";"din_winter";"DIN winter average (Dec-Feb)";1;2.93422575720343;2.5;1;1
2007;"Danish_Straits";"din_winter";"DIN winter average (Dec-Feb)";1;8.85403846731927;4.6;1;1
2007;"Gulf_of_Finland";"din_winter";"DIN winter average (Dec-Feb)";1;3.59201539924597;3.8;1;1
2007;"Kattegat";"din_winter";"DIN winter average (Dec-Feb)";1;7.33254618241181;5;1;1
2007;"Bothnian_Bay";"din_winter";"DIN winter average (Dec-Feb)";1;7.34690664102573;5.2;33;1
2007;"Bothnian_Sea";"din_winter";"DIN winter average (Dec-Feb)";1;3.88070977761791;2.8;1;1
2007;"Gulf_of_Riga";"din_winter";"DIN winter average (Dec-Feb)";1;10.2690408195587;5.2;1;1
2008;"Baltic_Proper";"din_winter";"DIN winter average (Dec-Feb)";1;3.14256248158789;2.5;1;1
2008;"Arkona_Basin";"din_winter";"DIN winter average (Dec-Feb)";1;3.21662882346422;2.9;1;1
2008;"Bornholm_Basin";"din_winter";"DIN winter average (Dec-Feb)";1;2.71319268881781;2.5;1;1
2008;"Danish_Straits";"din_winter";"DIN winter average (Dec-Feb)";1;6.28928227106834;4.6;1;1
2008;"Gulf_of_Finland";"din_winter";"DIN winter average (Dec-Feb)";1;7.66200991900554;3.8;1;1
2008;"Kattegat";"din_winter";"DIN winter average (Dec-Feb)";1;6.20065463103785;5;1;1
2008;"Bothnian_Bay";"din_winter";"DIN winter average (Dec-Feb)";1;6.85311641217564;5.2;33;1
2008;"Bothnian_Sea";"din_winter";"DIN winter average (Dec-Feb)";1;3.44049738580914;2.8;1;1
2008;"Gulf_of_Riga";"din_winter";"DIN winter average (Dec-Feb)";1;6.49611003611796;5.2;1;1
2009;"Baltic_Proper";"din_winter";"DIN winter average (Dec-Feb)";1;3.59190391177682;2.5;1;1
2009;"Arkona_Basin";"din_winter";"DIN winter average (Dec-Feb)";1;3.60799869047494;2.9;1;1
2009;"Bornholm_Basin";"din_winter";"DIN winter average (Dec-Feb)";1;3.52072574058726;2.5;1;1
2009;"Danish_Straits";"din_winter";"DIN winter average (Dec-Feb)";1;5.39903927844634;4.6;1;1
2009;"Gulf_of_Finland";"din_winter";"DIN winter average (Dec-Feb)";1;10.9695874388294;3.8;1;1
2009;"Kattegat";"din_winter";"DIN winter average (Dec-Feb)";1;5.76367130113769;5;1;1
2009;"Bothnian_Bay";"din_winter";"DIN winter average (Dec-Feb)";1;6.65428004334081;5.2;33;1
2009;"Bothnian_Sea";"din_winter";"DIN winter average (Dec-Feb)";1;3.68566599862827;2.8;1;1
2009;"Gulf_of_Riga";"din_winter";"DIN winter average (Dec-Feb)";1;9.04136529528323;5.2;1;1
2010;"Baltic_Proper";"din_winter";"DIN winter average (Dec-Feb)";1;3.88437208902768;2.5;1;1
2010;"Arkona_Basin";"din_winter";"DIN winter average (Dec-Feb)";1;3.96403187701554;2.9;1;1
2010;"Bornholm_Basin";"din_winter";"DIN winter average (Dec-Feb)";1;3.36623979380656;2.5;1;1
2010;"Danish_Straits";"din_winter";"DIN winter average (Dec-Feb)";1;6.01842267713097;4.6;1;1
2010;"Gulf_of_Finland";"din_winter";"DIN winter average (Dec-Feb)";1;10.0615644684845;3.8;1;1
2010;"Kattegat";"din_winter";"DIN winter average (Dec-Feb)";1;4.53395281774336;5;1;1
2010;"Bothnian_Bay";"din_winter";"DIN winter average (Dec-Feb)";1;6.21874244103718;5.2;33;1
2010;"Bothnian_Sea";"din_winter";"DIN winter average (Dec-Feb)";1;3.52325928349619;2.8;1;1
2011;"Baltic_Proper";"din_winter";"DIN winter average (Dec-Feb)";1;3.5866203170104;2.5;1;1
2011;"Arkona_Basin";"din_winter";"DIN winter average (Dec-Feb)";1;3.33118404550877;2.9;1;1
2011;"Bornholm_Basin";"din_winter";"DIN winter average (Dec-Feb)";1;2.85008037185238;2.5;1;1
2011;"Danish_Straits";"din_winter";"DIN winter average (Dec-Feb)";1;6.39572544418954;4.6;1;1
2011;"Gulf_of_Finland";"din_winter";"DIN winter average (Dec-Feb)";1;10.3403998487977;3.8;1;1
2011;"Kattegat";"din_winter";"DIN winter average (Dec-Feb)";1;4.78450846959836;5;1;1
2011;"Bothnian_Bay";"din_winter";"DIN winter average (Dec-Feb)";1;6.68570818705042;5.2;33;1
2011;"Bothnian_Sea";"din_winter";"DIN winter average (Dec-Feb)";1;3.6765010801378;2.8;1;1
2012;"Baltic_Proper";"din_winter";"DIN winter average (Dec-Feb)";1;3.67232193884978;2.5;1;1
2012;"Arkona_Basin";"din_winter";"DIN winter average (Dec-Feb)";1;2.73126315996124;2.9;1;1
2012;"Bornholm_Basin";"din_winter";"DIN winter average (Dec-Feb)";1;2.55061261985006;2.5;1;1
2012;"Danish_Straits";"din_winter";"DIN winter average (Dec-Feb)";1;6.31134601012723;4.6;1;1
2012;"Gulf_of_Finland";"din_winter";"DIN winter average (Dec-Feb)";1;9.38022103379531;3.8;1;1
2012;"Kattegat";"din_winter";"DIN winter average (Dec-Feb)";1;6.37057610477995;5;1;1
2012;"Bothnian_Sea";"din_winter";"DIN winter average (Dec-Feb)";1;3.63798738251292;2.8;1;1
2000;"Baltic_Proper";"dip_winter";"DIP winter average (Dec-Feb)";1;0.569676690132538;0.29;1;1
2000;"Arkona_Basin";"dip_winter";"DIP winter average (Dec-Feb)";1;0.585319876243244;0.36;1;1
2000;"Bornholm_Basin";"dip_winter";"DIP winter average (Dec-Feb)";1;0.610420059711804;0.3;1;1
2000;"Danish_Straits";"dip_winter";"DIP winter average (Dec-Feb)";1;0.650475045978511;0.526666666666667;1;1
2000;"Gulf_of_Finland";"dip_winter";"DIP winter average (Dec-Feb)";1;0.990316725286634;0.65;1;1
2000;"Kattegat";"dip_winter";"DIP winter average (Dec-Feb)";1;0.515235425846478;0.49;1;1
2000;"Bothnian_Bay";"dip_winter";"DIP winter average (Dec-Feb)";1;0.0600007752178585;0.07;67;1
2000;"Bothnian_Sea";"dip_winter";"DIP winter average (Dec-Feb)";1;0.215357777728201;0.19;1;1
2000;"Gulf_of_Riga";"dip_winter";"DIP winter average (Dec-Feb)";1;0.987647708715624;0.41;1;1
2001;"Baltic_Proper";"dip_winter";"DIP winter average (Dec-Feb)";1;0.343640085816384;0.29;1;1
2001;"Arkona_Basin";"dip_winter";"DIP winter average (Dec-Feb)";1;0.618315359084248;0.36;1;1
2001;"Bornholm_Basin";"dip_winter";"DIP winter average (Dec-Feb)";1;0.596560997292793;0.3;1;1
2001;"Danish_Straits";"dip_winter";"DIP winter average (Dec-Feb)";1;0.682425224357203;0.526666666666667;1;1
2001;"Gulf_of_Finland";"dip_winter";"DIP winter average (Dec-Feb)";1;0.694131494814483;0.65;1;1
2001;"Kattegat";"dip_winter";"DIP winter average (Dec-Feb)";1;0.602249974643082;0.49;1;1
2001;"Bothnian_Bay";"dip_winter";"DIP winter average (Dec-Feb)";1;0.0488057611837272;0.07;67;1
2001;"Bothnian_Sea";"dip_winter";"DIP winter average (Dec-Feb)";1;0.167891014142486;0.19;1;1
2001;"Gulf_of_Riga";"dip_winter";"DIP winter average (Dec-Feb)";1;1.00918931425909;0.41;1;1
2002;"Baltic_Proper";"dip_winter";"DIP winter average (Dec-Feb)";1;0.49020081618255;0.29;1;1
2002;"Arkona_Basin";"dip_winter";"DIP winter average (Dec-Feb)";1;0.467847782995821;0.36;1;1
2002;"Bornholm_Basin";"dip_winter";"DIP winter average (Dec-Feb)";1;0.466282857897956;0.3;1;1
2002;"Danish_Straits";"dip_winter";"DIP winter average (Dec-Feb)";1;0.597734601099792;0.526666666666667;1;1
2002;"Gulf_of_Finland";"dip_winter";"DIP winter average (Dec-Feb)";1;1.34928363922589;0.65;1;1
2002;"Kattegat";"dip_winter";"DIP winter average (Dec-Feb)";1;0.45405163148799;0.49;1;1
2002;"Bothnian_Bay";"dip_winter";"DIP winter average (Dec-Feb)";1;0.0480417987929309;0.07;67;1
2002;"Bothnian_Sea";"dip_winter";"DIP winter average (Dec-Feb)";1;0.204989996212725;0.19;1;1
2002;"Gulf_of_Riga";"dip_winter";"DIP winter average (Dec-Feb)";1;0.720134575300298;0.41;1;1
2003;"Baltic_Proper";"dip_winter";"DIP winter average (Dec-Feb)";1;0.505276657084119;0.29;1;1
2003;"Arkona_Basin";"dip_winter";"DIP winter average (Dec-Feb)";1;0.565001023598879;0.36;1;1
2003;"Bornholm_Basin";"dip_winter";"DIP winter average (Dec-Feb)";1;0.529800210598318;0.3;1;1
2003;"Danish_Straits";"dip_winter";"DIP winter average (Dec-Feb)";1;0.63874972160551;0.526666666666667;1;1
2003;"Gulf_of_Finland";"dip_winter";"DIP winter average (Dec-Feb)";1;0.980459563023629;0.65;1;1
2003;"Kattegat";"dip_winter";"DIP winter average (Dec-Feb)";1;0.530060454882882;0.49;1;1
2003;"Bothnian_Bay";"dip_winter";"DIP winter average (Dec-Feb)";1;0.0458386697294864;0.07;67;1
2003;"Bothnian_Sea";"dip_winter";"DIP winter average (Dec-Feb)";1;0.169064333322411;0.19;1;1
2003;"Gulf_of_Riga";"dip_winter";"DIP winter average (Dec-Feb)";1;0.638562038987253;0.41;1;1
2004;"Baltic_Proper";"dip_winter";"DIP winter average (Dec-Feb)";1;0.578617371759879;0.29;1;1
2004;"Arkona_Basin";"dip_winter";"DIP winter average (Dec-Feb)";1;0.374796962588388;0.36;1;1
2004;"Bornholm_Basin";"dip_winter";"DIP winter average (Dec-Feb)";1;0.414701673060244;0.3;1;1
2004;"Danish_Straits";"dip_winter";"DIP winter average (Dec-Feb)";1;0.478787432270613;0.526666666666667;1;1
2004;"Gulf_of_Finland";"dip_winter";"DIP winter average (Dec-Feb)";1;1.21303610324118;0.65;1;1
2004;"Kattegat";"dip_winter";"DIP winter average (Dec-Feb)";1;0.452423218414873;0.49;1;1
2004;"Bothnian_Bay";"dip_winter";"DIP winter average (Dec-Feb)";1;0.058027681032494;0.07;67;1
2004;"Bothnian_Sea";"dip_winter";"DIP winter average (Dec-Feb)";1;0.177145159404836;0.19;1;1
2004;"Gulf_of_Riga";"dip_winter";"DIP winter average (Dec-Feb)";1;0.600231543415568;0.41;1;1
2005;"Baltic_Proper";"dip_winter";"DIP winter average (Dec-Feb)";1;0.660274553324653;0.29;1;1
2005;"Arkona_Basin";"dip_winter";"DIP winter average (Dec-Feb)";1;0.594118520854559;0.36;1;1
2005;"Bornholm_Basin";"dip_winter";"DIP winter average (Dec-Feb)";1;0.77176698241697;0.3;1;1
2005;"Danish_Straits";"dip_winter";"DIP winter average (Dec-Feb)";1;0.628299965005395;0.526666666666667;1;1
2005;"Gulf_of_Finland";"dip_winter";"DIP winter average (Dec-Feb)";1;0.938049805453592;0.65;1;1
2005;"Kattegat";"dip_winter";"DIP winter average (Dec-Feb)";1;0.504786008000841;0.49;1;1
2005;"Bothnian_Bay";"dip_winter";"DIP winter average (Dec-Feb)";1;0.0689125002972714;0.07;67;1
2005;"Bothnian_Sea";"dip_winter";"DIP winter average (Dec-Feb)";1;0.194968319251151;0.19;1;1
2005;"Gulf_of_Riga";"dip_winter";"DIP winter average (Dec-Feb)";1;0.825511335545394;0.41;1;1
2006;"Baltic_Proper";"dip_winter";"DIP winter average (Dec-Feb)";1;0.518323273018364;0.29;1;1
2006;"Arkona_Basin";"dip_winter";"DIP winter average (Dec-Feb)";1;0.667952400275397;0.36;1;1
2006;"Bornholm_Basin";"dip_winter";"DIP winter average (Dec-Feb)";1;0.725811033856704;0.3;1;1
2006;"Danish_Straits";"dip_winter";"DIP winter average (Dec-Feb)";1;0.683456412361816;0.526666666666667;1;1
2006;"Gulf_of_Finland";"dip_winter";"DIP winter average (Dec-Feb)";1;0.731285913165155;0.65;1;1
2006;"Kattegat";"dip_winter";"DIP winter average (Dec-Feb)";1;0.505529961990008;0.49;1;1
2006;"Bothnian_Bay";"dip_winter";"DIP winter average (Dec-Feb)";1;0.0695463078154315;0.07;67;1
2006;"Bothnian_Sea";"dip_winter";"DIP winter average (Dec-Feb)";1;0.190969304444397;0.19;1;1
2006;"Gulf_of_Riga";"dip_winter";"DIP winter average (Dec-Feb)";1;0.689459370314749;0.41;1;1
2007;"Baltic_Proper";"dip_winter";"DIP winter average (Dec-Feb)";1;0.57360064203992;0.29;1;1
2007;"Arkona_Basin";"dip_winter";"DIP winter average (Dec-Feb)";1;0.701077060875553;0.36;1;1
2007;"Bornholm_Basin";"dip_winter";"DIP winter average (Dec-Feb)";1;0.617809655033682;0.3;1;1
2007;"Danish_Straits";"dip_winter";"DIP winter average (Dec-Feb)";1;0.734010853001323;0.526666666666667;1;1
2007;"Gulf_of_Finland";"dip_winter";"DIP winter average (Dec-Feb)";1;0.705721307355897;0.65;1;1
2007;"Kattegat";"dip_winter";"DIP winter average (Dec-Feb)";1;0.571386769992079;0.49;1;1
2007;"Bothnian_Bay";"dip_winter";"DIP winter average (Dec-Feb)";1;0.0443548856706626;0.07;67;1
2007;"Bothnian_Sea";"dip_winter";"DIP winter average (Dec-Feb)";1;0.237245771284486;0.19;1;1
2007;"Gulf_of_Riga";"dip_winter";"DIP winter average (Dec-Feb)";1;0.983997833195972;0.41;1;1
2008;"Baltic_Proper";"dip_winter";"DIP winter average (Dec-Feb)";1;0.512114056409295;0.29;1;1
2008;"Arkona_Basin";"dip_winter";"DIP winter average (Dec-Feb)";1;0.644598885402635;0.36;1;1
2008;"Bornholm_Basin";"dip_winter";"DIP winter average (Dec-Feb)";1;0.563244129329953;0.3;1;1
2008;"Danish_Straits";"dip_winter";"DIP winter average (Dec-Feb)";1;0.70143883231609;0.526666666666667;1;1
2008;"Gulf_of_Finland";"dip_winter";"DIP winter average (Dec-Feb)";1;0.876638050311053;0.65;1;1
2008;"Kattegat";"dip_winter";"DIP winter average (Dec-Feb)";1;0.614009815433077;0.49;1;1
2008;"Bothnian_Bay";"dip_winter";"DIP winter average (Dec-Feb)";1;0.0378086069089995;0.07;67;1
2008;"Bothnian_Sea";"dip_winter";"DIP winter average (Dec-Feb)";1;0.236210388575822;0.19;1;1
2008;"Gulf_of_Riga";"dip_winter";"DIP winter average (Dec-Feb)";1;0.508469721130577;0.41;1;1
2009;"Baltic_Proper";"dip_winter";"DIP winter average (Dec-Feb)";1;0.569742373777903;0.29;1;1
2009;"Arkona_Basin";"dip_winter";"DIP winter average (Dec-Feb)";1;0.689919553339367;0.36;1;1
2009;"Bornholm_Basin";"dip_winter";"DIP winter average (Dec-Feb)";1;0.636589932480009;0.3;1;1
2009;"Danish_Straits";"dip_winter";"DIP winter average (Dec-Feb)";1;0.78022289353651;0.526666666666667;1;1
2009;"Gulf_of_Finland";"dip_winter";"DIP winter average (Dec-Feb)";1;0.83748827078955;0.65;1;1
2009;"Kattegat";"dip_winter";"DIP winter average (Dec-Feb)";1;0.657525409993045;0.49;1;1
2009;"Bothnian_Bay";"dip_winter";"DIP winter average (Dec-Feb)";1;0.0474669040970746;0.07;67;1
2009;"Bothnian_Sea";"dip_winter";"DIP winter average (Dec-Feb)";1;0.284482301529352;0.19;1;1
2009;"Gulf_of_Riga";"dip_winter";"DIP winter average (Dec-Feb)";1;0.607178972642339;0.41;1;1
2010;"Baltic_Proper";"dip_winter";"DIP winter average (Dec-Feb)";1;0.557131021634925;0.29;1;1
2010;"Arkona_Basin";"dip_winter";"DIP winter average (Dec-Feb)";1;0.66870693877576;0.36;1;1
2010;"Bornholm_Basin";"dip_winter";"DIP winter average (Dec-Feb)";1;0.64500532878906;0.3;1;1
2010;"Danish_Straits";"dip_winter";"DIP winter average (Dec-Feb)";1;0.64130531917176;0.526666666666667;1;1
2010;"Gulf_of_Finland";"dip_winter";"DIP winter average (Dec-Feb)";1;0.864055847473501;0.65;1;1
2010;"Kattegat";"dip_winter";"DIP winter average (Dec-Feb)";1;0.437153788179549;0.49;1;1
2010;"Bothnian_Bay";"dip_winter";"DIP winter average (Dec-Feb)";1;0.0532548433145135;0.07;67;1
2010;"Bothnian_Sea";"dip_winter";"DIP winter average (Dec-Feb)";1;0.248364969599411;0.19;1;1
2011;"Baltic_Proper";"dip_winter";"DIP winter average (Dec-Feb)";1;0.493026679459151;0.29;1;1
2011;"Arkona_Basin";"dip_winter";"DIP winter average (Dec-Feb)";1;0.415975247312769;0.36;1;1
2011;"Bornholm_Basin";"dip_winter";"DIP winter average (Dec-Feb)";1;0.581130840663962;0.3;1;1
2011;"Danish_Straits";"dip_winter";"DIP winter average (Dec-Feb)";1;0.55295109061745;0.526666666666667;1;1
2011;"Gulf_of_Finland";"dip_winter";"DIP winter average (Dec-Feb)";1;1.27851238063749;0.65;1;1
2011;"Kattegat";"dip_winter";"DIP winter average (Dec-Feb)";1;0.425887731526582;0.49;1;1
2011;"Bothnian_Bay";"dip_winter";"DIP winter average (Dec-Feb)";1;0.0543660124634015;0.07;67;1
2011;"Bothnian_Sea";"dip_winter";"DIP winter average (Dec-Feb)";1;0.304337383932402;0.19;1;1
2012;"Baltic_Proper";"dip_winter";"DIP winter average (Dec-Feb)";1;0.547531668375272;0.29;1;1
2012;"Arkona_Basin";"dip_winter";"DIP winter average (Dec-Feb)";1;0.526025939474099;0.36;1;1
2012;"Bornholm_Basin";"dip_winter";"DIP winter average (Dec-Feb)";1;0.599944825690057;0.3;1;1
2012;"Danish_Straits";"dip_winter";"DIP winter average (Dec-Feb)";1;0.662852469951667;0.526666666666667;1;1
2012;"Gulf_of_Finland";"dip_winter";"DIP winter average (Dec-Feb)";1;1.02488251256692;0.65;1;1
2012;"Kattegat";"dip_winter";"DIP winter average (Dec-Feb)";1;0.477670933996446;0.49;1;1
2012;"Bothnian_Sea";"dip_winter";"DIP winter average (Dec-Feb)";1;0.286282079269968;0.19;1;1
2000;"Kattegat";"DKI";"Benthic fauna index";3;0.66;0.68;1;-1
2001;"Kattegat";"DKI";"Benthic fauna index";3;0.728;0.68;1;-1
2002;"Kattegat";"DKI";"Benthic fauna index";3;0.695;0.68;1;-1
2003;"Kattegat";"DKI";"Benthic fauna index";3;0.692;0.68;1;-1
2004;"Kattegat";"DKI";"Benthic fauna index";3;0.707;0.68;1;-1
2005;"Kattegat";"DKI";"Benthic fauna index";3;0.682;0.68;1;-1
2006;"Kattegat";"DKI";"Benthic fauna index";3;0.684;0.68;1;-1
2007;"Kattegat";"DKI";"Benthic fauna index";3;0.624;0.68;1;-1
2008;"Kattegat";"DKI";"Benthic fauna index";3;0.694;0.68;1;-1
2010;"Kattegat";"DKI";"Benthic fauna index";3;0.775;0.68;1;-1
2011;"Kattegat";"DKI";"Benthic fauna index";3;0.709;0.68;1;-1
2000;"Danish_Straits";"DKI";"Benthic fauna index";3;0.647;0.68;1;-1
2001;"Danish_Straits";"DKI";"Benthic fauna index";3;0.603;0.68;1;-1
2002;"Danish_Straits";"DKI";"Benthic fauna index";3;0.599;0.68;1;-1
2003;"Danish_Straits";"DKI";"Benthic fauna index";3;0.601;0.68;1;-1
2004;"Danish_Straits";"DKI";"Benthic fauna index";3;0.694;0.68;1;-1
2005;"Danish_Straits";"DKI";"Benthic fauna index";3;0.67;0.68;1;-1
2006;"Danish_Straits";"DKI";"Benthic fauna index";3;0.75;0.68;1;-1
2007;"Danish_Straits";"DKI";"Benthic fauna index";3;0.724;0.68;1;-1
2008;"Danish_Straits";"DKI";"Benthic fauna index";3;0.748;0.68;1;-1
2010;"Danish_Straits";"DKI";"Benthic fauna index";3;0.8;0.68;1;-1
2011;"Danish_Straits";"DKI";"Benthic fauna index";3;0.846;0.68;1;-1
2000;"Arkona_Basin";"DKI";"Benthic fauna index";3;0;0.68;1;-1
2001;"Arkona_Basin";"DKI";"Benthic fauna index";3;0.64;0.68;1;-1
2002;"Arkona_Basin";"DKI";"Benthic fauna index";3;0.639;0.68;1;-1
2003;"Arkona_Basin";"DKI";"Benthic fauna index";3;0.566;0.68;1;-1
2004;"Arkona_Basin";"DKI";"Benthic fauna index";3;0.676;0.68;1;-1
2005;"Arkona_Basin";"DKI";"Benthic fauna index";3;0.52;0.68;1;-1
2006;"Arkona_Basin";"DKI";"Benthic fauna index";3;0.817;0.68;1;-1
2007;"Arkona_Basin";"DKI";"Benthic fauna index";3;0.474;0.68;1;-1
2008;"Arkona_Basin";"DKI";"Benthic fauna index";3;0.473;0.68;1;-1
2011;"Arkona_Basin";"DKI";"Benthic fauna index";3;0.668;0.68;1;-1
2000;"Bothnian_Bay";"DKI";"Benthic fauna index";3;1.57142857142857;1.37;1;-1
2001;"Bothnian_Bay";"DKI";"Benthic fauna index";3;1.66666666666667;1.37;1;-1
2002;"Bothnian_Bay";"DKI";"Benthic fauna index";3;1.4;1.37;1;-1
2003;"Bothnian_Bay";"DKI";"Benthic fauna index";3;1.6;1.37;1;-1
2004;"Bothnian_Bay";"DKI";"Benthic fauna index";3;1.875;1.37;1;-1
2005;"Bothnian_Bay";"DKI";"Benthic fauna index";3;1.57142857142857;1.37;1;-1
2006;"Bothnian_Bay";"DKI";"Benthic fauna index";3;1.5;1.37;1;-1
2007;"Bothnian_Bay";"DKI";"Benthic fauna index";3;1.42857142857143;1.37;1;-1
2008;"Bothnian_Bay";"DKI";"Benthic fauna index";3;2.14285714285714;1.37;1;-1
2009;"Bothnian_Bay";"DKI";"Benthic fauna index";3;2;1.37;1;-1
2010;"Bothnian_Bay";"DKI";"Benthic fauna index";3;1.33333333333333;1.37;1;-1
2011;"Bothnian_Bay";"DKI";"Benthic fauna index";3;2;1.37;1;-1
2000;"Bothnian_Sea";"DKI";"Benthic fauna index";3;2.375;2.11;1;-1
2001;"Bothnian_Sea";"DKI";"Benthic fauna index";3;2.28571428571429;2.11;1;-1
2002;"Bothnian_Sea";"DKI";"Benthic fauna index";3;2.66666666666667;2.11;1;-1
2003;"Bothnian_Sea";"DKI";"Benthic fauna index";3;2.33333333333333;2.11;1;-1
2004;"Bothnian_Sea";"DKI";"Benthic fauna index";3;3.30769230769231;2.98;1;-1
2005;"Bothnian_Sea";"DKI";"Benthic fauna index";3;3;2.98;1;-1
2006;"Bothnian_Sea";"DKI";"Benthic fauna index";3;3.27272727272727;2.98;1;-1
2007;"Bothnian_Sea";"DKI";"Benthic fauna index";3;3.55555555555556;2.98;1;-1
2008;"Bothnian_Sea";"DKI";"Benthic fauna index";3;3.82352941176471;2.98;1;-1
2009;"Bothnian_Sea";"DKI";"Benthic fauna index";3;4.25;2.98;1;-1
2010;"Bothnian_Sea";"DKI";"Benthic fauna index";3;4.16666666666667;2.98;1;-1
2011;"Bothnian_Sea";"DKI";"Benthic fauna index";3;4.16666666666667;2.98;1;-1
2000;"Gulf_of_Finland";"DKI";"Benthic fauna index";3;2.66666666666667;3.91;1;-1
2001;"Gulf_of_Finland";"DKI";"Benthic fauna index";3;3;3.91;1;-1
2002;"Gulf_of_Finland";"DKI";"Benthic fauna index";3;2.33333333333333;3.91;1;-1
2003;"Gulf_of_Finland";"DKI";"Benthic fauna index";3;1.71428571428571;3.91;1;-1
2004;"Gulf_of_Finland";"DKI";"Benthic fauna index";3;0.4;3.91;1;-1
2005;"Gulf_of_Finland";"DKI";"Benthic fauna index";3;1.63636363636364;3.91;1;-1
2006;"Gulf_of_Finland";"DKI";"Benthic fauna index";3;1.3;3.91;1;-1
2007;"Gulf_of_Finland";"DKI";"Benthic fauna index";3;0.833333333333333;3.91;1;-1
2008;"Gulf_of_Finland";"DKI";"Benthic fauna index";3;1.36363636363636;3.91;1;-1
2009;"Gulf_of_Finland";"DKI";"Benthic fauna index";3;2.17647058823529;3.91;1;-1
2010;"Gulf_of_Finland";"DKI";"Benthic fauna index";3;2.08333333333333;3.91;1;-1
2011;"Gulf_of_Finland";"DKI";"Benthic fauna index";3;2.36363636363636;3.91;1;-1
2000;"Baltic_Proper";"DKI";"Benthic fauna index";3;1;5.25;1;-1
2001;"Baltic_Proper";"DKI";"Benthic fauna index";3;1;5.25;1;-1
2002;"Baltic_Proper";"DKI";"Benthic fauna index";3;2;5.25;1;-1
2003;"Baltic_Proper";"DKI";"Benthic fauna index";3;2;5.25;1;-1
2004;"Baltic_Proper";"DKI";"Benthic fauna index";3;3;5.25;1;-1
2005;"Baltic_Proper";"DKI";"Benthic fauna index";3;1;5.25;1;-1
2006;"Baltic_Proper";"DKI";"Benthic fauna index";3;3.5;5.25;1;-1
2000;"Bornholm_Basin";"DKI";"Benthic fauna index";3;1.85714285714286;7.2;1;-1
2001;"Bornholm_Basin";"DKI";"Benthic fauna index";3;3.75;7.2;1;-1
2002;"Bornholm_Basin";"DKI";"Benthic fauna index";3;4.75;7.2;1;-1
2004;"Bornholm_Basin";"DKI";"Benthic fauna index";3;1.66666666666667;7.2;1;-1
2006;"Bornholm_Basin";"DKI";"Benthic fauna index";3;5;7.2;1;-1
2007;"Bornholm_Basin";"DKI";"Benthic fauna index";3;2.77777777777778;7.2;1;-1
2008;"Bornholm_Basin";"DKI";"Benthic fauna index";3;3.11111111111111;7.2;1;-1
2009;"Bornholm_Basin";"DKI";"Benthic fauna index";3;2.44444444444444;7.2;1;-1
